Client ID,Client Name,Team,Recency,Frequency,Monetary Value,Subscription Length,AVG Month,รายได้/เดือน,Sale Volume,Lost Type,Lost Reason Criteria,Sale Volume Count,New Sales,Recontract,Recontract (Delay),Upgrade,Upsell,Win Back,Cluster
CL0001,บริษัท เอเซอร์ คอมพิวเตอร์ จำกัด,Lunar,26,8,1566615.0,13,32,48956.71875,"Recontract, Recontract, Recontract, Recontract, Recontract, New Sales, Recontract, New Sales",,,8,2,6,0,0,0,0,1
CL0007,บริษัท สตาร์ รีชเชอร์ส กรุ๊ป จำกัด,Solar,2,12,955000.0,44,25,38200.0,"New Sales, Win Back, Recontract, Recontract, Win Back, Win Back, Upsell, Win Back, Win Back, Win Back, Recontract (Delay), Win Back",,,12,1,2,1,0,1,7,3
CL0016,บริษัท อินทิเกรเต็ด คอมมูนิเคชั่น จำกัด,Pegasus,5,1,90000.0,6,5,18000.0,New Sales,,,1,1,0,0,0,0,0,0
CL0017,บริษัททรู คอร์ปอเรชั่น จำกัด (มหาชน),Other,26,1,1440000.0,12,26,55384.61538461538,Recontract,,,1,0,1,0,0,0,0,1
CL0042,องค์การกระจายเสียงและแพร่ภาพสาธารณะแห่งประเทศไทย,Lunar,21,1,520000.0,6,21,24761.904761904763,Upsell,,,1,0,0,0,0,1,0,4
CL0107,บริษัท ดับบลิวพีพี (ประเทศไทย) จำกัด – มายด์แชร์,Solar,10,2,329000.0,21,24,13708.333333333334,"New Sales, New Sales",Onetime by CXM,Onetime,2,2,0,0,0,0,0,3
CL0110,บริษัท คัสต้อม เอเซีย จำกัด,Lunar,2,3,146728.97,33,16,9170.560625,"New Sales, New Sales, Win Back",Adhoc by Sales,Adhoc,3,2,0,0,0,0,1,3
CL0120,สำนักงานกองทุนสนับสนุนการสร้างเสริมสุขภาพ (สสส.),Other,32,1,560747.66,7,32,17523.364375,Win Back,,,1,0,0,0,0,0,1,1
CL0127,บริษัท ออล อินเตอร์แอคทีฟ จำกัด,Lunar,23,4,245500.0,13,25,9820.0,"New Sales, Upsell, Win Back, Recontract (Delay)",,,4,1,0,1,0,1,1,1
CL0145,บริษัท อินเทจ (ประเทศไทย) จำกัด,Other,1,3,325000.0,14,6,54166.66666666666,"New Sales, New Sales, New Sales",,,3,3,0,0,0,0,0,0
CL0171,บริษัท เค อินโนเวชั่น จำกัด  ,Solar,14,4,714500.0,25,28,25517.85714285714,"Win Back, Recontract, Upsell, Recontract",,,4,0,2,0,0,1,1,3
CL0191,บริษัท ทรู อินเทอร์เน็ต คอร์ปอเรชั่น จำกัด (สำนักงานใหญ่),Solar,17,1,150000.0,2,17,8823.529411764706,Upsell,,,1,0,0,0,0,1,0,4
CL0196,บริษัท ฟู้ดแพชชั่น จำกัด,Pegasus,21,1,620000.0,12,24,25833.33333333333,New Sales,,,1,1,0,0,0,0,0,4
CL0206,บริษัท สรรพสินค้าเซ็นทรัล จำกัด สำนักงานใหญ่,Lunar,34,5,1540000.0,13,34,45294.117647058825,"New Sales, Upsell, Upsell, Upsell, Win Back",,,5,1,0,0,0,3,1,1
CL0208,ธนาคารแลนด์ แอนด์ เฮ้าส์ ,Lunar,34,1,470000.0,2,35,13428.57142857143,New Sales,,,1,1,0,0,0,0,0,1
CL0210,บริษัท วินเทอร์อีเจนซี่ จำกัด,Pegasus,28,3,740000.0,15,33,22424.242424242424,"New Sales, Recontract, Recontract",,,3,1,2,0,0,0,0,1
CL0214,บริษัท ไซมิส แอสเสท จำกัด (มหาชน),Lunar,26,1,265000.0,7,28,9464.285714285714,New Sales,,,1,1,0,0,0,0,0,1
CL0216,บริษัท เดนท์สุ (ประเทศไทย) จำกัด สำนักงานใหญ่,Lunar,7,4,600000.0,28,14,42857.142857142855,"Upsell, Upgrade, Upsell, Upsell",Onetime by CXM,Onetime,4,0,0,0,1,3,0,3
CL0218,บริษัท ทรู วิชั่นส์ กรุ๊ป จำกัด,Pegasus,20,5,420000.0,7,23,18260.869565217392,"New Sales, Recontract, Recontract (Delay), Recontract, Recontract",,,5,1,3,1,0,0,0,4
CL0228,บริษัท โตโยต้า มอเตอร์ ประเทศไทย จำกัด,Other,10,4,12228000.0,36,21,582285.7142857143,"Recontract, Recontract, Recontract, Recontract",,,4,0,4,0,0,0,0,2
CL0263,บริษัท ปูนซิเมนต์ไทย จำกัด (มหาชน),Pegasus,7,1,250000.0,1,7,35714.28571428572,New Sales,,,1,1,0,0,0,0,0,0
CL0275,บริษัท ดาวฤกษ์ คอมมูนิเคชั่นส์ จำกัด,Other,6,8,892200.0,32,24,37175.0,"Recontract, Recontract, Recontract, Recontract, Recontract, Recontract, Recontract, New Sales",,,8,1,7,0,0,0,0,3
CL0296,บริษัท แรบบิทแอนด์จอห์น จำกัด,Solar,17,2,254000.0,13,17,14941.176470588236,"Win Back, Recontract",,,2,0,1,0,0,0,1,4
CL0298,บริษัท ลอรีอัล (ประเทศไทย) จำกัด,Solar,35,1,5774000.0,12,35,164971.42857142858,Recontract,,,1,0,1,0,0,0,0,1
CL0308,บริษัท อยุธยา แคปปิตอล ออโต้ ลีส จำกัด (มหาชน) สำนักงานใหญ่,Draco,2,158,8039308.417,36,18,446628.2453888889,"Recontract, Recontract, Recontract, Recontract, Recontract, Recontract, Recontract, Recontract, Recontract, Recontract, Recontract, Recontract, Recontract, Recontract, Recontract, Recontract, Recontract, Recontract, Recontract, Recontract, Recontract, Recontract, Recontract, Recontract, Recontract, Recontract, Recontract, Recontract, Recontract, Recontract, Recontract, Recontract, Recontract, Recontract, Recontract, Recontract, Recontract, Recontract, Recontract, Recontract, Recontract, Recontract, Recontract, Recontract, Recontract, Recontract, Recontract, Recontract, Recontract, Recontract, Recontract, Recontract, Recontract, Recontract, Recontract, Recontract, Recontract, Recontract, Recontract, Recontract, Recontract, Recontract, Recontract, Recontract, Recontract, Recontract, Recontract, Recontract, Recontract, Recontract, Recontract, Recontract, Recontract, Recontract, Recontract, Recontract, Recontract, Recontract, Recontract, Recontract, Recontract, Recontract, Recontract, Recontract, Recontract, Recontract, Recontract, Recontract, Recontract, Recontract, Recontract, Recontract, Recontract, Recontract, Recontract, Recontract, Recontract, Recontract, Recontract, Recontract, Recontract, Recontract, Recontract, Recontract, Recontract, Recontract, Recontract, Recontract, Recontract, Recontract, Recontract, Recontract, Recontract, Recontract, Recontract, Recontract, Recontract, Recontract, Recontract, Recontract, Recontract, Recontract, Recontract, Recontract, Recontract, Recontract, Recontract, Recontract, Recontract, Recontract, Recontract, Recontract, Recontract, Recontract, Recontract, Recontract, Recontract, Recontract, Recontract, Recontract, Recontract, Recontract, Recontract, Recontract, Recontract, Recontract, Recontract, Recontract, Recontract, Recontract, Recontract, Recontract, Recontract, Recontract, Recontract, Recontract, Recontract, Recontract",,,158,0,158,0,0,0,0,5
CL0311,บริษัท เดอะ ไมเนอร์ ฟู้ด กรุ๊ป จำกัด (มหาชน),Other,24,9,1737654.0,14,28,62059.07142857143,"New Sales, New Sales, New Sales, Recontract, Recontract, Recontract, Recontract, Recontract, Recontract",,,9,3,6,0,0,0,0,1
CL0313,บริษัท โลคัส เทเลคอมมูนิเคชั่น อิงค์ จำกัด,Pegasus,27,1,290000.0,12,27,10740.74074074074,Win Back,,,1,0,0,0,0,0,1,1
CL0323,บริษัท สินมั่นคงประกันภัย จำกัด (มหาชน),Pegasus,8,4,1756666.6667,36,18,97592.59259444445,"Recontract, Recontract, Recontract, Recontract",,,4,0,4,0,0,0,0,3
CL0327,บริษัท เบทเตอร์เวย์ (ประเทศไทย) จำกัด,Draco,31,2,275000.0,9,34,8088.235294117647,"New Sales, Recontract",,,2,1,1,0,0,0,0,1
CL0338,บริษัท ศูนย์พัฒนากลยุทธ์ทางธุรกิจ จำกัด,Other,35,1,14018.69,0,35,400.534,New Sales,,,1,1,0,0,0,0,0,1
CL0342,บริษัท คิสออฟบิวตี้ จำกัด (สำนักงานใหญ่),Pegasus,11,1,100000.0,12,14,7142.857142857143,New Sales,,,1,1,0,0,0,0,0,4
CL0348,บริษัท ครีเอเทลคอม จำกัด,Pegasus,17,1,320000.0,12,20,16000.0,New Sales,,,1,1,0,0,0,0,0,4
CL0363,บริษัท ดับบลิวพีพี (ประเทศไทย) จำกัด,Other,23,2,480000.0,21,25,19200.0,"New Sales, Recontract",,,2,1,1,0,0,0,0,1
CL0369,บริษัท ส. ขอนแก่นฟู้ดส์ จำกัด (มหาชน),Pegasus,6,1,290000.0,1,6,48333.333333333336,New Sales,,,1,1,0,0,0,0,0,0
CL0370,ธนาคารเพื่อการเกษตรและสหกรณ์การเกษตร,Lunar,2,3,3080000.0,48,19,162105.26315789475,"Recontract, Recontract, Recontract",หมดสัญญาปกติ,Competitor win,3,0,3,0,0,0,0,3
CL0378,เดอะ คอฟฟี่ คลับ (ประเทศไทย) จำกัด,Other,24,3,354196.0,14,30,11806.533333333333,"New Sales, Recontract, Recontract",,,3,1,2,0,0,0,0,1
CL0382,บริษัท สยามคูโบต้า ลีสซิ่ง จำกัด,Other,26,1,200000.0,12,26,7692.307692307692,Recontract,,,1,0,1,0,0,0,0,1
CL0387,บริษัท บอนเซย์ เจเดน (ไทยแลนด์) จำกัด,Lunar,12,1,150000.0,6,14,10714.285714285714,New Sales,หมดสัญญาปกติ,ตัด/ลด งบ,1,1,0,0,0,0,0,4
CL0398,บริษัท กอริลล่าไอเดีย จำกัด,Draco,9,5,127000.0,28,18,7055.555555555556,"Win Back, New Sales, Win Back, Win Back, Win Back",,,5,1,0,0,0,0,4,3
CL0406,บริษัทซีทีซี ซิสเทมส์ จำกัด,Other,28,1,3360000.0,12,28,120000.0,Recontract,,,1,0,1,0,0,0,0,1
CL0407,บริษัท แบรนด์ ซันโทรี่ (ประเทศไทย) จำกัด ,Lunar,34,1,215000.0,6,38,5657.894736842105,New Sales,,,1,1,0,0,0,0,0,1
CL0423,บริษัท เคอรี่ เอ็กซ์เพรส (ประเทศไทย) จำกัด (มหาชน)),Other,8,3,1055000.0,25,15,70333.33333333333,"New Sales, Recontract, Upgrade",,,3,1,1,0,1,0,0,3
CL0424,บริษัท หลักทรัพย์จัดการกองทุน ไทยพาณิชย์ จำกัด,Other,26,1,1200000.0,12,26,46153.84615384616,Recontract,,,1,0,1,0,0,0,0,1
CL0426,บริษัท บางกอก เว็บ โซลูชั่น จำกัด (สำนักงานใหญ่),Pegasus,31,1,150000.0,0,31,4838.709677419355,New Sales,,,1,1,0,0,0,0,0,1
CL0449,บริษัท ว๊อตส์ ออน ยัวร์ มายด์ จำกัด (สำนักงานใหญ่),Pegasus,22,1,60000.0,2,22,2727.2727272727275,New Sales,,,1,1,0,0,0,0,0,4
CL0451,บริษัท บริทาเนีย จำกัด (มหาชน),Lunar,4,10,1089999.96,35,17,64117.644705882354,"Recontract, Upsell, Upsell, Recontract, Recontract, Recontract (Delay), New Sales, Recontract, Recontract (Delay), Recontract (Delay)",หมดสัญญาปกติ,ตัด/ลด งบ,10,1,4,3,0,2,0,3
CL0462,สำนักงานนวัตกรรมแห่งชาติ (องค์การมหาชน),Other,32,1,467289.72,0,32,14602.80375,New Sales,,,1,1,0,0,0,0,0,1
CL0464,บริษัท บีอีซีไอ คอร์ปอเรชั่น จำกัด,Other,14,4,3550500.0,24,23,154369.5652173913,"Recontract, Recontract, Upgrade, Recontract",,,4,0,3,0,1,0,0,3
CL0470,"360 Pin Ta Le Co., Ltd.",Other,22,2,703179.36,24,28,25113.54857142857,"Recontract, Recontract",,,2,0,2,0,0,0,0,1
CL0473,บริษัท โซดีแอค 12.12.12 จำกัด (สำนักงานใหญ่),Lunar,30,1,200000.0,12,30,6666.666666666667,Recontract,,,1,0,1,0,0,0,0,1
CL0475,บริษัท สปอร์ บางกอก จำกัด,Lunar,28,1,1650000.0,12,28,58928.57142857143,Recontract,,,1,0,1,0,0,0,0,1
CL0488,บริษัท คิธ แอนด์ คิน คอมมิวนิเคชั่น แอนด์ คอนซัลแตนท์ จำกัด,Solar,26,3,410000.0,15,30,13666.666666666666,"Recontract, Recontract, Recontract",,,3,0,3,0,0,0,0,1
CL0503,บริษัท พันช์อัพ เวิลด์ จำกัด,Solar,34,1,180000.0,2,34,5294.117647058823,New Sales,,,1,1,0,0,0,0,0,1
CL0519,ธนาคาร ซีไอเอ็มบี ไทย จำกัด (มหาชน),Solar,2,2,1700000.0,24,8,212500.0,"New Sales, Recontract (Delay)",,,2,1,0,1,0,0,0,3
CL0521,บริษัท ดี อินเทลลิเจ็นซ์ จำกัด,Lunar,26,2,229500.0,12,28,8196.42857142857,"Recontract, Recontract",,,2,0,2,0,0,0,0,1
CL0526,บริษัท ดีทีเค เเอ็ด จำกัด (สำนักงานใหญ่),Pegasus,27,1,60000.0,3,29,2068.9655172413795,New Sales,,,1,1,0,0,0,0,0,1
CL0529,มหาวิทยาลัยศรีปทุม,Other,3,7,195000.0,32,19,10263.157894736842,"New Sales, New Sales, New Sales, New Sales, New Sales, New Sales, New Sales",,,7,7,0,0,0,0,0,3
CL0533,บริษัท อินโฟเควสท์ จำกัด,Other,25,2,1800000.0,25,31,58064.51612903226,"Recontract, Recontract",,,2,0,2,0,0,0,0,1
CL0535,ไอโซบาร์ (ประเทศไทย) (สาขาที่ 00010),Lunar,31,1,138000.0,12,36,3833.3333333333335,New Sales,,,1,1,0,0,0,0,0,1
CL0540,บริษัท เกรย์ (ประเทศไทย) จำกัด,Other,31,1,348000.0,12,37,9405.405405405403,Win Back,,,1,0,0,0,0,0,1,1
CL0548,บริษัท ทรู จีเอส จำกัด,Lunar,28,5,494000.0,15,31,15935.483870967742,"Recontract, Recontract, Recontract, Recontract, Recontract",,,5,0,5,0,0,0,0,1
CL0550,บริษัท ไทย บรอดคาสติ้ง จำกัด (สำนักงานใหญ่),Lunar,6,1,45000.0,2,6,7500.0,New Sales,หมดสัญญาปกติ,Competitor win,1,1,0,0,0,0,0,0
CL0551,บริษัท ทีวีแอลเค เซอร์วิสเซส จำกัด,Lunar,14,2,1350000.0,32,32,42187.5,"New Sales, Win Back",,,2,1,0,0,0,0,1,3
CL0556,มหาวิทยาลัยศรีนครินทรวิโรฒ,Other,15,2,194766.36,9,17,11456.844705882351,"New Sales, New Sales",,,2,2,0,0,0,0,0,4
CL0577,บริษัท ดิจิท ไทรบ์ จำกัด (สำนักงานใหญ่),Other,31,2,243000.0,9,35,6942.857142857143,"Win Back, Recontract",,,2,0,1,0,0,0,1,1
CL0587,บริษัท ฮิวแมน ไนซ์ เอ็กซ์พีเรียนซ์ จำกัด (สำนักงานใหญ่),Solar,28,1,170000.0,1,28,6071.428571428572,New Sales,,,1,1,0,0,0,0,0,1
CL0593,บริษัท อาร์เอส จำกัด (มหาชน) สำนักงานใหญ่,Solar,2,3,1380000.0,36,14,98571.42857142857,"Recontract, Win Back, Upsell",หมดสัญญาปกติ,Adhoc,3,0,1,0,0,1,1,3
CL0595,บริษัท เอสแอลอาร์ที จำกัด,Other,24,3,521441.0,14,29,17980.724137931036,"New Sales, Recontract, Recontract",,,3,1,2,0,0,0,0,1
CL0599,บริษัท คาราท (ประเทศไทย) จำกัด สำนักงานใหญ่,Lunar,31,1,138000.0,12,36,3833.3333333333335,New Sales,,,1,1,0,0,0,0,0,1
CL0601,กองทุนพัฒนาสื่อปลอดภัยและสร้างสรรค์ ,Lunar,2,3,2227289.0,18,10,222728.9,"Recontract (Delay), New Sales, Recontract (Delay)",,,3,1,0,2,0,0,0,3
CL0603,Centre for Humanitarian Dialogue (HD),Other,14,4,660000.0,24,24,27500.0,"Recontract, Recontract, Recontract, Recontract",,,4,0,4,0,0,0,0,3
CL0605,บริษัท เค พลัส เวิร์ค จำกัด (สำนักงานใหญ่),Lunar,22,3,624000.0,23,32,19500.0,"Recontract, Recontract, Recontract",,,3,0,3,0,0,0,0,1
CL0606,ศูนย์บริการวิชาการแห่งจุฬาลงกรณ์มหาวิทยาลัย,Other,31,1,112149.53,2,31,3617.726774193549,New Sales,,,1,1,0,0,0,0,0,1
CL0610,การกีฬาเเห่งประเทศไทย,Other,29,3,5598130.84,10,31,180584.8658064516,"New Sales, New Sales, New Sales",,,3,3,0,0,0,0,0,1
CL0615,สำนักงานพัฒนาธุรกรรมทางอิเล็กทรอนิกส์,Draco,15,1,80000.0,2,15,5333.333333333333,New Sales,,,1,1,0,0,0,0,0,4
CL0617,บริษัท แอ๊ฟฟินีตี้ โซลูชั่น จำกัด (สำนักงานใหญ่),Lunar,4,17,931500.0,35,16,58218.75,"Win Back, Recontract, Recontract, Recontract, Recontract, Recontract (Delay), Recontract (Delay), Recontract (Delay), Recontract (Delay), Recontract, Recontract, Recontract, Recontract, Recontract, Recontract, Recontract, Recontract",หมดสัญญาปกติ,ตัด/ลด งบ,17,0,12,4,0,0,1,3
CL0619,บริษัท มติชน จํากัด (มหาชน),Other,34,4,240000.0,3,35,6857.142857142857,"Recontract, Recontract, Recontract, Recontract",,,4,0,4,0,0,0,0,1
CL0630,บริษัท ออริจิ้น คอนโดมิเนียม จำกัด,Lunar,9,5,498750.0,30,21,23750.0,"Recontract, Recontract, Recontract, Recontract (Delay), Recontract",Change HC,อื่นๆ,5,0,4,1,0,0,0,3
CL0633,บริษัท พาร์ค ลักชัวรี่ จำกัด,Lunar,9,5,498750.0,30,21,23750.0,"Recontract, Recontract, Recontract, Recontract (Delay), Recontract",Change HC,อื่นๆ,5,0,4,1,0,0,0,3
CL0634,บริษัท ดีแทค ไตรเน็ต จํากัด สํานักงานใหญ่  ,Solar,14,7,17793335.0,30,24,741388.9583333334,"Recontract, Upsell, Upsell, Recontract, Upsell, Upsell, Upsell",,,7,0,2,0,0,5,0,2
CL0636,สำนักงานโครงการพัฒนาแห่งสหประชาชาติ,Other,26,3,2032500.0,13,30,67750.0,"New Sales, Recontract, Recontract",,,3,1,2,0,0,0,0,1
CL0647,บริษัท ซี อาร์ ซี สปอร์ต จำกัด,Lunar,3,5,1912000.0,38,11,173818.18181818182,"Recontract, Upgrade, Recontract, Recontract, Win Back",,,5,0,3,0,1,0,1,3
CL0653,บริษัทแฟลช เอ็กซ์เพรส จำกัด  (สำนักงานใหญ่),Lunar,11,4,700000.0,27,26,26923.07692307692,"Recontract, Upsell, Recontract, Recontract",หมดสัญญาปกติ,Competitor win,4,0,3,0,0,1,0,3
CL0654,บริษัท สตูดิโอ แมงโก้ จำกัด (สำนักงานใหญ่),Lunar,14,1,110000.0,3,16,6875.0,New Sales,,,1,1,0,0,0,0,0,4
CL0655,บริษัท ดาต้า เฟิร์ส จำกัด,Lunar,31,4,170000.0,5,32,5312.5,"New Sales, Recontract, Recontract, Recontract",,,4,1,3,0,0,0,0,1
CL0659,บริษัท เด็พธเฟิร์สท จำกัด (สำนักงานใหญ่),Pegasus,4,1,320000.0,12,8,40000.0,Win Back,,,1,0,0,0,0,0,1,0
CL0662,บริษัท ไวท์บอร์ด จำกัด (สำนักงานใหญ่) ,Pegasus,20,1,60000.0,12,20,3000.0,New Sales,,,1,1,0,0,0,0,0,4
CL0666,U.S. Embassy Bangkok,Other,11,3,480000.0,31,27,17777.777777777777,"Win Back, Recontract, Recontract",,,3,0,2,0,0,0,1,3
CL0668,บริษัท 8 บรรทัด จำกัด (สำนักงานใหญ่),Lunar,30,1,300000.0,12,30,10000.0,Recontract,,,1,0,1,0,0,0,0,1
CL0670,บริษัท แอมเวย์ (ประเทศไทย) จำกัด ,Lunar,22,3,730000.0,13,27,27037.03703703704,"New Sales, New Sales, Win Back",,,3,2,0,0,0,0,1,1
CL0677,บริษัท พ็อพส์ (ประเทศไทย) จำกัด (สำนักงานใหญ่),Lunar,2,2,159999.99959999998,26,6,26666.6666,"New Sales, Recontract (Delay)",หมดสัญญาปกติ,,2,1,0,1,0,0,0,3
CL0679,บริษัท ดิจิทัล ทิปส์ จำกัด,Other,27,2,46728.97,3,28,1668.8917857142858,"New Sales, New Sales",,,2,2,0,0,0,0,0,1
CL0690,บริษัท ครีเอท อินเทลลิเจ้นซ์ จำกัด,Other,35,1,60000.0,1,35,1714.2857142857142,Recontract,,,1,0,1,0,0,0,0,1
CL0693,บริษัท ไทยโคโคนัท จำกัด (มหาชน),Other,36,1,300000.0,12,41,7317.073170731707,New Sales,,,1,1,0,0,0,0,0,1
CL0695,บริษัท เจโนไซส์ จำกัด (สำนักงานใหญ่),Pegasus,34,1,200000.0,12,34,5882.35294117647,Recontract,,,1,0,1,0,0,0,0,1
CL0696,บริษัท กอม เบ จำกัด,Lunar,13,1,275000.0,6,17,16176.470588235294,New Sales,Adhoc by Sales,Adhoc,1,1,0,0,0,0,0,4
CL0702,บริษัท เอลก้า ประเทศไทย จำกัด,Other,18,4,105000.0,11,23,4565.217391304348,"New Sales, New Sales, New Sales, Recontract",,,4,3,1,0,0,0,0,4
CL0703,บริษัท เบเยอร์ จำกัด,Other,10,3,900000.0,36,22,40909.09090909091,"Recontract, Recontract, Recontract",,,3,0,3,0,0,0,0,3
CL0719,บริษัท ซิสเท็ม เอเชีย คอร์ปอเรชั่น จำกัด,Pegasus,27,1,2000000.0,12,27,74074.07407407407,New Sales,,,1,1,0,0,0,0,0,1
CL0723,บริษัท ร็อคส์ พีซี จำกัด (สำนักงานใหญ่),Pegasus,22,1,300000.0,12,22,13636.363636363636,Recontract,,,1,0,1,0,0,0,0,4
CL0733,บริษัท ไทยประกันภัย จำกัด (มหาชน) ,Other,37,1,1000000.0,12,42,23809.52380952381,New Sales,,,1,1,0,0,0,0,0,1
CL0738,บริษัท ไอเดียแล็บ จำกัด,Pegasus,16,2,580000.0,29,26,22307.69230769231,"Recontract, Recontract",,,2,0,2,0,0,0,0,3
CL0744,บริษัท เอเชีย เอรา วัน จำกัด สำนักงานใหญ่,Solar,34,2,1050000.0,15,35,30000.0,"New Sales, Recontract",,,2,1,1,0,0,0,0,1
CL0745,บริษัท เอฟดับบลิวดี ประกันชีวิต จำกัด (มหาชน),Lunar,14,1,500000.0,10,14,35714.28571428572,New Sales,,,1,1,0,0,0,0,0,4
CL0748,บริษัท เน็คซัสมารเก็ตติ้ง 2456 จำกัด,Pegasus,5,2,500000.0,24,16,31250.0,"New Sales, New Sales",,,2,2,0,0,0,0,0,3
CL0761,บริษัท โทรคมนาคมแห่งชาติ จำกัด (มหาชน) สำนักงานใหญ่,Lunar,27,1,7000000.0,12,27,259259.25925925927,Recontract,,,1,0,1,0,0,0,0,1
CL0762,บริษัท ชีส ดิจิตอล เน็ตเวิร์ค จำกัด,Other,17,3,785000.0,31,27,29074.074074074077,"New Sales, Win Back, Recontract",,,3,1,1,0,0,0,1,3
CL0770,บริษัท เบย์ คอมพิวติ้ง จำกัด,Pegasus,13,1,357000.0,12,13,27461.53846153846,New Sales,,,1,1,0,0,0,0,0,4
CL0771,บริษัท  บัตรกรุงศรีอยุธยา  จำกัด,Pegasus,2,1,84000.0,12,2,42000.0,Recontract,,,1,0,1,0,0,0,0,0
CL0772,บริษัท  เจเนอรัล  คาร์ด  เซอร์วิสเซส  จำกัด,Pegasus,2,1,84000.0,12,2,42000.0,Recontract,,,1,0,1,0,0,0,0,0
CL0773,บริษัท โลตัสส์ มันนี่ เซอร์วิสเซส จำกัด,Pegasus,2,1,84000.0,12,2,42000.0,Recontract,,,1,0,1,0,0,0,0,0
CL0775,บริษัท ออพติมัม มีเดีย ไดเรคชั่น (ประเทศไทย) จำกัด สาขา 2,Pegasus,26,2,882000.0,15,30,29400.0,"New Sales, Recontract",,,2,1,1,0,0,0,0,1
CL0781,บริษัท เทนเซ็นต์ (ประเทศไทย) จำกัด,Lunar,14,3,1250000.0,24,23,54347.82608695652,"Recontract, New Sales, Recontract",,,3,1,2,0,0,0,0,3
CL0794,บริษัท เอสแอลซี อินเตอร์แล็บ,Other,32,1,215000.0,12,35,6142.857142857143,New Sales,,,1,1,0,0,0,0,0,1
CL0796,บริษัท บิวตี้วิลล์ จำกัด,Pegasus,11,1,100000.0,6,11,9090.90909090909,New Sales,,,1,1,0,0,0,0,0,0
CL0799,"TikTok Pte. Ltd.,",Pegasus,14,1,179600.0,3,15,11973.333333333334,New Sales,,,1,1,0,0,0,0,0,4
CL0801,บริษัท ลุคเกอร์ มีเดีย จำกัด,Other,35,1,600000.0,12,38,15789.473684210529,New Sales,,,1,1,0,0,0,0,0,1
CL0803,บริษัท ฮิวแมน แอคชีฟเม้นท์ เซอร์วิส จำกัด (สำนักงานใหญ่),Other,20,1,280373.83,0,20,14018.6915,New Sales,,,1,1,0,0,0,0,0,4
CL0804,บริษัท บาเนีย (ประเทศไทย) จำกัด ,Solar,32,1,260000.0,12,32,8125.0,New Sales,,,1,1,0,0,0,0,0,1
CL0806,บริษัท ซันโทรี่ เป๊ปซี่โค เบเวอเรจ (ประเทศไทย) จำกัด,Lunar,7,2,275000.0,31,13,21153.846153846152,"New Sales, New Sales",,,2,2,0,0,0,0,0,3
CL0811,บริษัท โกลบอล เจ็ต อีคอมเมิร์ซ (ไทยแลนด์) จำกัด (สำนักงานใหญ่),Other,34,1,300000.0,12,34,8823.529411764706,New Sales,,,1,1,0,0,0,0,0,1
CL0813,สำนักงานคณะกรรมการอาหารและยา,Pegasus,34,1,467289.72,12,34,13743.815294117649,New Sales,,,1,1,0,0,0,0,0,1
CL0817,บริษัท มังกี้เอเวอรี่เดย์ จำกัด,Lunar,23,1,90000.0,23,28,3214.285714285714,New Sales,,,1,1,0,0,0,0,0,1
CL0821,บริษัท เอก-ชัย ดีสทริบิวชั่น ซิสเทม จำกัด ,Solar,2,12,11096500.0,36,13,853576.9230769231,"Win Back, Win Back, Recontract (Delay), Recontract, Upsell, Recontract, Upsell, Recontract, Recontract (Delay), Recontract (Delay), Recontract (Delay), Recontract (Delay)",,,12,0,3,5,0,2,2,2
CL0828,บริษัท จิตตะ ดอท คอม จำกัด,Solar,8,3,792000.0,30,18,44000.0,"Recontract, Win Back, Recontract",หมดสัญญาปกติ,Competitor win,3,0,2,0,0,0,1,3
CL0829,สำนักข่าว กรมประชาสัมพันธ์,Pegasus,18,1,462616.82,8,18,25700.934444444443,New Sales,,,1,1,0,0,0,0,0,4
CL0830,บริษัท เบอร์เกอร์(ประเทศไทย) จำกัด,Other,24,3,584165.0,14,29,20143.62068965517,"New Sales, Recontract, Recontract",,,3,1,2,0,0,0,0,1
CL0831,บริษัท สเวนเซ่นส์ (ไทย) จำกัด,Other,24,3,907022.34,16,29,31276.6324137931,"New Sales, Recontract, Recontract",,,3,1,2,0,0,0,0,1
CL0832,บริษัท ไมเนอร์ ดีคิว จำกัด,Other,24,3,193701.0,14,29,6679.344827586207,"New Sales, Recontract, Recontract",,,3,1,2,0,0,0,0,1
CL0833,บริษัท เออาร์ไอพี จำกัด (มหาชน),Lunar,23,2,170000.0,16,30,5666.666666666667,"New Sales, Recontract",,,2,1,1,0,0,0,0,1
CL0842,บริษัท มิชชั่น ทู เดอะ มูน มีเดีย จำกัด (สำนักงานใหญ่),Other,33,1,300000.0,12,38,7894.736842105263,New Sales,,,1,1,0,0,0,0,0,1
CL0843,บริษัท ซิกน่า ประกันภัย จำกัด (มหาชน),Lunar,17,2,3200000.0,24,19,168421.05263157896,"New Sales, Upsell",,,2,1,0,0,0,1,0,3
CL0844,บริษัท ทีจีเอส เอ็นเตอร์ไพรส์ เน็ตเวิร์ค จำกัด,Lunar,26,1,1520000.0,12,27,56296.2962962963,New Sales,,,1,1,0,0,0,0,0,1
CL0846,บริษัท พรีดิกทิฟ จำกัด,Solar,37,1,650000.0,3,37,17567.567567567567,New Sales,,,1,1,0,0,0,0,0,1
CL0849,บริษัท ดิจิตอล อัลเคมี่ (ประเทศไทย) จำกัด,Lunar,26,1,90000.0,3,28,3214.285714285714,Win Back,,,1,0,0,0,0,0,1,1
CL0850,บริษัท แรบบิท รีวอร์ดส จำกัด,Lunar,30,1,348000.0,12,30,11600.0,New Sales,,,1,1,0,0,0,0,0,1
CL0858,กองทุนพัฒนาสื่อปลอดภัยและสร้างสรรค์ (เลขที่โครงการ 64077101905),Lunar,37,1,457520.0,6,37,12365.405405405403,New Sales,,,1,1,0,0,0,0,0,1
CL0860,บริษัท คาร์โร (ประเทศไทย) จำกัด,Solar,37,1,180000.0,6,37,4864.864864864865,New Sales,,,1,1,0,0,0,0,0,1
CL0862,บริษัท ดอท แมทเทอร์ จำกัด,Lunar,19,2,696000.0,24,27,25777.777777777777,"New Sales, Recontract",,,2,1,1,0,0,0,0,3
CL0864,บริษัท เคเอส ดิจิทัล จำกัด,Lunar,31,1,380000.0,12,31,12258.064516129032,New Sales,,,1,1,0,0,0,0,0,1
CL0865,บริษัท เดอะ เพลย์เมกเกอร์ จำกัด,Other,37,1,150000.0,6,40,3750.0,New Sales,,,1,1,0,0,0,0,0,1
CL0866,บริษัท แพสซิฟ เซลลิง ออนไลน์ จำกัด,Other,32,1,369000.0,11,37,9972.972972972972,New Sales,,,1,1,0,0,0,0,0,1
CL0867,บริษัท ไอพรอสเพค (ประเทศไทย) จำกัด,Lunar,31,1,138000.0,12,36,3833.3333333333335,New Sales,,,1,1,0,0,0,0,0,1
CL0868,บริษัท เดนท์สุ คอนซัลติ้ง กรุ๊ป (ประเทศไทย) จำกัด,Lunar,31,1,414000.0,12,36,11500.0,New Sales,,,1,1,0,0,0,0,0,1
CL0869,บริษัท พับบลิคฮิต จำกัด,Other,36,1,400000.0,6,39,10256.410256410256,New Sales,,,1,1,0,0,0,0,0,1
CL0870,บริษัท รอยัล เกทเวย์ จำกัด,Solar,36,1,200000.0,6,36,5555.555555555556,New Sales,,,1,1,0,0,0,0,0,1
CL0871,บริษัท เพอร์เพิล เวนเจอร์ส จำกัด (สำนักงานใหญ่),Other,26,1,768000.0,13,26,29538.46153846154,Upsell,,,1,0,0,0,0,1,0,1
CL0872,บริษัท เอนิวซัน จำกัด ,Solar,30,2,400000.0,12,35,11428.57142857143,"New Sales, Recontract",,,2,1,1,0,0,0,0,1
CL0874,บริษัท โคเวย์ (ประเทศไทย) จำกัด,Other,2,3,360000.0,24,11,32727.272727272728,"New Sales, New Sales, Upsell",,,3,2,0,0,0,1,0,3
CL0879,บริษัท คาร์ส24 กรุ๊ป (ประเทศไทย) จำกัด,Other,21,2,765000.0,18,30,25500.0,"New Sales, Recontract",,,2,1,1,0,0,0,0,1
CL0880,บริษัท ดีเอฟ มาร์เก็ตเพลส จำกัด (สำนักงานใหญ่),Draco,26,1,300000.0,12,33,9090.90909090909,New Sales,,,1,1,0,0,0,0,0,1
CL0881,บริษัท มินโตะ (ประเทศไทย) จำกัด,Pegasus,24,1,140000.0,2,25,5600.0,New Sales,,,1,1,0,0,0,0,0,1
CL0882,บริษัท แวลู่พลัส เวิลด์ไวด์ จำกัด,Solar,12,14,1820000.0,26,23,79130.43478260869,"Recontract, Recontract, Recontract, Recontract, Recontract, Recontract, Recontract, Recontract, Recontract, Recontract, Recontract, Recontract, Recontract, Recontract (Delay)",Change HC,อื่นๆ,14,0,13,1,0,0,0,3
CL0883,iWisers,Pegasus,30,1,631172.08,12,30,21039.069333333333,Recontract,,,1,0,1,0,0,0,0,1
CL0887,บริษัท นวเวช อินเตอร์เนชั่นแนล จำกัด (มหาชน),Lunar,17,2,675000.0,24,22,30681.81818181818,"New Sales, Recontract",,,2,1,1,0,0,0,0,3
CL0888,บริษัท แรบบิท แคร์ โบรคเกอร์ จำกัด,Other,29,1,420000.0,12,34,12352.941176470587,New Sales,,,1,1,0,0,0,0,0,1
CL0890,บริษัท นินจา โลจิสติกส์ (ประเทศไทย) จำกัด,Draco,24,1,300000.0,12,31,9677.41935483871,New Sales,,,1,1,0,0,0,0,0,1
CL0892,บริษัท ดิจิตอล โฟกัส จำกัด,Pegasus,34,1,175000.0,6,34,5147.058823529412,New Sales,,,1,1,0,0,0,0,0,1
CL0894,บริษัท รมย์รวินท์ คลินิก จำกัด,Pegasus,10,1,152500.0,1,10,15250.0,New Sales,,,1,1,0,0,0,0,0,0
CL0896,บริษัท การบินไทย จำกัด (มหาชน),Other,27,1,740000.0,12,27,27407.40740740741,New Sales,,,1,1,0,0,0,0,0,1
CL0897,บริษัท แอดซายน์ สตูดิโอ จำกัด,Solar,29,1,108000.0,12,29,3724.137931034483,New Sales,,,1,1,0,0,0,0,0,1
CL0898,บริษัทมิสเตอร์ฟ็อกซ์ จำกัด  ,Solar,29,1,360000.0,12,29,12413.793103448275,New Sales,,,1,1,0,0,0,0,0,1
CL0902,บริษัท อัลปากา มีเดีย แอนด์ เทคโนโลยี โซลูชั่นส์ จำกัด,Other,27,1,348000.0,12,33,10545.454545454546,New Sales,,,1,1,0,0,0,0,0,1
CL0904,นาย สันติ สุขเจริญกิจกุล,Draco,22,1,695000.0,18,25,27800.0,New Sales,,,1,1,0,0,0,0,0,1
CL0905,บริษัท สตาร์ พีอาร์ จำกัด,Other,35,2,60000.0,1,35,1714.2857142857142,"Recontract, Recontract",,,2,0,2,0,0,0,0,1
CL0906,บริษัท โตโยต้า มอเตอร์ ประเทศไทย จำกัด (สาขาที่ 0022),Other,11,3,1888000.0,24,18,104888.88888888888,"Upsell, Recontract, Recontract (Delay)",,,3,0,1,1,0,1,0,3
CL0909,บริษัท เซ็นทรัล กรุ๊ป ออนไลน์ จำกัด,Lunar,11,4,1465000.0,31,28,52321.42857142857,"Upsell, Recontract, Recontract, Recontract",หมดสัญญาปกติ,ปรับโครงสร้าง,4,0,3,0,0,1,0,3
CL0912,มูฟ ฟอร์วาร์ด 159 จำกัด,Other,37,1,110000.0,3,38,2894.736842105264,New Sales,,,1,1,0,0,0,0,0,1
CL0913,คุณต้อม ทัศนีย์ เชาวโนทัย,Other,37,1,467289.72,3,38,12297.097894736842,New Sales,,,1,1,0,0,0,0,0,1
CL0914,บริษัท นวัตกรรมชาวบ้าน จำกัด,Other,35,1,186915.89,5,35,5340.454000000001,Upsell,,,1,0,0,0,0,1,0,1
CL0915,กระทรวงทรัพยากรธรรมชาติและสิ่งแวดล้อม,Lunar,16,2,673831.78,22,22,30628.717272727277,"New Sales, Recontract (Delay)",,,2,1,0,1,0,0,0,3
CL0921,บริษัท ดิจิทีฟ จำกัด,Pegasus,4,6,887000.0,31,19,46684.21052631579,"New Sales, Recontract, Recontract, Recontract (Delay), Upsell, Recontract (Delay)",,,6,1,2,2,0,1,0,3
CL0923,บริษัท เบอร์แทรม (1958) จำกัด,Draco,2,3,920000.0,36,17,54117.64705882353,"New Sales, Recontract, Recontract",,,3,1,2,0,0,0,0,3
CL0924,บริษัท สยามคูโบต้าคอร์ปอเรชั่น จำกัด,Pegasus,26,2,2981618.69,12,26,114677.64192307692,"New Sales, New Sales",,,2,2,0,0,0,0,0,1
CL0927,บริษัท เอเวอร์แลนด์ จำกัด (มหาชน),Draco,27,1,320000.0,12,27,11851.851851851852,New Sales,,,1,1,0,0,0,0,0,1
CL0934,บริษัท เจนเนอเรชั่น เอส จำกัด,Draco,20,1,634000.0,17,31,20451.612903225807,New Sales,,,1,1,0,0,0,0,0,1
CL0938,บริษัทอาคเนย์ประกันชีวิต จำกัด (มหาชน) ,Pegasus,24,1,900000.0,12,24,37500.0,New Sales,,,1,1,0,0,0,0,0,1
CL0940,บริษัท คอลเลคทีฟ วัน จำกัด,Draco,18,4,527000.0,18,24,21958.33333333333,"New Sales, Recontract, Recontract (Delay), Recontract",,,4,1,2,1,0,0,0,4
CL0941,บริษัท คอนวี่ อินเตอร์เนชั่นแนล จำกัด,Other,30,1,210000.0,6,32,6562.5,New Sales,,,1,1,0,0,0,0,0,1
CL0944,บริษัท ทรู มันนี่ จำกัด,Solar,26,1,380000.0,12,26,14615.384615384615,New Sales,,,1,1,0,0,0,0,0,1
CL0946,บริษัท หลักทรัพย์ กรุงศรี จำกัด (มหาชน),Pegasus,14,1,500000.0,14,21,23809.52380952381,New Sales,,,1,1,0,0,0,0,0,4
CL0954,บริษัท ไอคอนสยาม จำกัด (สำนักงานใหญ่),Other,2,10,3698315.18,36,16,231144.69875,"New Sales, Upsell, Upsell, Upgrade, Recontract, Recontract, Upsell, Recontract, Upsell, Upsell",,,10,1,3,0,1,5,0,3
CL0956,บริษัท ซีพีเอฟ เรสเทอรองท์ เเอนด์ ฟู้ดเชน จำกัด ,Draco,23,2,680000.0,12,28,24285.714285714286,"New Sales, New Sales",,,2,2,0,0,0,0,0,1
CL0957,บริษัท ไอดีเอสแอลที จํากัด,Draco,31,1,110000.0,6,32,3437.5,New Sales,,,1,1,0,0,0,0,0,1
CL0961,บริษัท อัพบิต เอ็กซ์เชนจ์ (ประเทศไทย) จำกัด,Draco,24,1,210000.0,12,24,8750.0,New Sales,,,1,1,0,0,0,0,0,1
CL0962,บริษัท กรุงไทยพานิชประกันภัย จำกัด (มหาชน),Draco,12,1,612500.0,12,18,34027.77777777778,New Sales,,,1,1,0,0,0,0,0,4
CL0967,องค์การอนามัยโลก,Other,32,1,200000.0,4,32,6250.0,New Sales,,,1,1,0,0,0,0,0,1
CL0968,คุณตูมตาม,Pegasus,30,1,300000.0,6,34,8823.529411764706,New Sales,,,1,1,0,0,0,0,0,1
CL0969,บริษัท ไทยกรุ๊ป โฮลดิ้งส์ จำกัด (มหาชน),Pegasus,12,2,2301869.16,24,20,115093.458,"New Sales, Recontract",,,2,1,1,0,0,0,0,3
CL0970,บริษัท 307 ครีเอทีฟ จำกัด,Lunar,28,1,160000.0,8,33,4848.484848484848,New Sales,,,1,1,0,0,0,0,0,1
CL0971,กรีนไฟเบอร์ จำกัด,Draco,23,1,414000.0,12,28,14785.714285714286,New Sales,,,1,1,0,0,0,0,0,1
CL0974,บริษัท ทูบี เอเบิ้ล จำกัด,Other,36,1,18691.59,0,36,519.2108333333333,New Sales,,,1,1,0,0,0,0,0,1
CL0976,มูลนิธิพัฒนาสื่อมวลชนแห่งประเทศไทย (เพื่อพัฒนาองค์ความรู้ฯ),Other,36,1,4663.46,0,36,129.54055555555556,Upsell,,,1,0,0,0,0,1,0,1
CL0978,บริษัท บู๊ทส์ รีเทล (ประเทศไทย) จำกัด,Lunar,24,1,480000.0,12,28,17142.85714285714,New Sales,,,1,1,0,0,0,0,0,1
CL0979,บริษัท ทัชพ้อยท์ กรุ๊ป จำกัด,Lunar,23,1,348000.0,12,29,12000.0,New Sales,,,1,1,0,0,0,0,0,1
CL0981,ผศ.ดร.สุภาภรณ์ เกียรติสิน คณะวิศวกรรมศาสตร์ ม.มหิดล,Draco,28,1,4603738.0,7,32,143866.8125,New Sales,,,1,1,0,0,0,0,0,1
CL0983,บริษัท ดับบลิวพีพี มาร์เก็ตติ้ง คอมมูนิเคชั่นส์ (ประเทศไทย) จำกัด –ฮิลล์ แอนด์ นอลตัน สาขาที่ 2,Solar,26,1,320000.0,10,32,10000.0,New Sales,,,1,1,0,0,0,0,0,1
CL0984,บริษัท สเตอร์ จำกัด,Solar,1,2,434000.0,34,15,28933.33333333333,"New Sales, New Sales",,,2,2,0,0,0,0,0,3
CL0986,บริษัท จีอาร์ที อีโคซิสเต็ม จำกัด,Draco,32,1,270000.0,2,32,8437.5,New Sales,,,1,1,0,0,0,0,0,1
CL0997,บริษัท กัลเดอร์มา (ประเทศไทย) จำกัด,Other,33,1,180000.0,1,33,5454.545454545455,New Sales,,,1,1,0,0,0,0,0,1
CL0998,บริษัท ประกิต โฮลดิ้งส์ จำกัด (มหาชน),Pegasus,27,1,30000.0,6,27,1111.111111111111,New Sales,,,1,1,0,0,0,0,0,1
CL0999,บริษัท ไลค์ มี จำกัด (สำนักงานใหญ่),Solar,1,2,340000.0,31,19,17894.736842105263,"New Sales, Win Back",,,2,1,0,0,0,0,1,3
CL1000,บริษัท จุตะ จำกัด ,Pegasus,33,1,342990.65,2,33,10393.65606060606,New Sales,,,1,1,0,0,0,0,0,1
CL1004,บริษัท มายเดอรี จำกัด,Lunar,20,4,565000.0,13,25,22600.0,"New Sales, New Sales, Win Back, Recontract (Delay)",,,4,2,0,1,0,0,1,4
CL1005,บริษัท มีเดียโดนัทส์ อินเตอร์เนชั่นแนล จำกัด (สำนักงานใหญ่),Other,31,2,600000.0,0,31,19354.83870967742,"New Sales, New Sales",,,2,2,0,0,0,0,0,1
CL1006,กระทรวงการต่างประเทศ ,Draco,12,2,502000.0,21,20,25100.0,"New Sales, Win Back",,,2,1,0,0,0,0,1,3
CL1007,บริษัท ไบรท์ไซด์ พีเพิล จํากัด (สำนักงานใหญ่),Other,33,1,9345.79,0,33,283.2057575757576,New Sales,,,1,1,0,0,0,0,0,1
CL1008,บริษัท แลนดี้ โฮม (ประเทศไทย) จำกัด,Lunar,20,2,300000.0,12,25,12000.0,"New Sales, New Sales",,,2,2,0,0,0,0,0,4
CL1009,บริษัท หลักทรัพย์ ไทยพาณิชย์ จำกัด,Pegasus,26,1,280000.0,7,29,9655.172413793103,New Sales,,,1,1,0,0,0,0,0,1
CL1013,บริษัท ชาวาว่า จำกัด [สำนักงานใหญ่] ,Draco,20,1,362400.0,12,26,13938.46153846154,New Sales,,,1,1,0,0,0,0,0,1
CL1014,บริษัท พีเอสโอ สเปซ จำกัด,Other,31,1,27000.0,1,31,870.9677419354839,New Sales,,,1,1,0,0,0,0,0,1
CL1015,บริษัท เอฟ ไฟว์ เทค จำกัด,Lunar,23,1,600000.0,12,27,22222.222222222223,New Sales,,,1,1,0,0,0,0,0,1
CL1016,บริษัท ดิจิ-โฮลิค.แลบส์ จำกัด,Lunar,26,1,223800.0,6,30,7460.0,New Sales,,,1,1,0,0,0,0,0,1
CL1017,บริษัท พรูเด็นเชียล ประกันชีวิต (ประเทศไทย) จำกัด (มหาชน),Solar,2,4,1056000.0,30,15,70400.0,"New Sales, Recontract, Win Back, Recontract (Delay)",หมดสัญญาปกติ,ตัด/ลด งบ,4,1,1,1,0,0,1,3
CL1019,บริษัท ดับเบิ้ลยู เค ออล จำกัด (สำนักงานใหญ่),Lunar,17,1,348000.0,12,23,15130.434782608696,New Sales,,,1,1,0,0,0,0,0,4
CL1020,บริษัท ฉั่วฮะเส็ง ฟู้ดโปรดักส์ จำกัด,Pegasus,19,1,200000.0,12,19,10526.315789473683,New Sales,,,1,1,0,0,0,0,0,4
CL1021,สถาบันเพิ่มผลผลิตแห่งชาติ,Pegasus,19,1,100000.0,12,19,5263.1578947368425,New Sales,,,1,1,0,0,0,0,0,4
CL1022,ราชวิทยาลัยจุฬาภรณ์,Other,26,1,372000.0,6,26,14307.692307692309,New Sales,,,1,1,0,0,0,0,0,1
CL1025,นางสาวอมรรัตน์ ศรีปัดทุม,Draco,13,2,482400.0,18,20,24120.0,"New Sales, Recontract",,,2,1,1,0,0,0,0,4
CL1026,บริษัท ชินเอ เซอร์วิส จำกัด,Draco,19,1,408000.0,12,21,19428.571428571428,New Sales,,,1,1,0,0,0,0,0,4
CL1028,บริษัท เอดีเอ ดิจิตัล (ประเทศไทย) จำกัด,Lunar,19,1,348000.0,12,24,14500.0,New Sales,,,1,1,0,0,0,0,0,4
CL1030,บริษัท จิซทิกซ์ จำกัด,Other,25,1,140000.0,5,27,5185.185185185185,New Sales,,,1,1,0,0,0,0,0,1
CL1031,บริษัท แอ็ทโมสท์ สตูดิโอ จำกัด,Other,22,2,187600.0,6,25,7504.0,"New Sales, New Sales",,,2,2,0,0,0,0,0,4
CL1033,สำนักงานคณะกรรมการสุขภาพแห่งชาติ,Lunar,17,1,366500.0,12,23,15934.782608695652,New Sales,,,1,1,0,0,0,0,0,4
CL1034,บริษัท โมโมทาโร่ จำกัด,Solar,19,1,360000.0,12,25,14400.0,New Sales,,,1,1,0,0,0,0,0,4
CL1035,นายสุภสิทธิ กระทุ่มเขต,Pegasus,25,1,260000.0,6,27,9629.62962962963,New Sales,,,1,1,0,0,0,0,0,1
CL1036,บริษัท ดีแอล อินเตอร์ เอ็นเตอร์ไพร์ส จํากัด,Draco,7,2,780000.0,24,21,37142.857142857145,"New Sales, Recontract",,,2,1,1,0,0,0,0,3
CL1039,บริษัท อิมแพคท์ มาร์คอม จำกัด,Other,27,1,32400.0,3,27,1200.0,New Sales,,,1,1,0,0,0,0,0,1
CL1040,บริษัท โซนี่ มิวสิค เอนเทอร์เทนเมนต์ โอเปอร์เรติ้ง (ประเทศไทย) จำกัด,Lunar,23,1,100000.0,5,23,4347.826086956522,New Sales,,,1,1,0,0,0,0,0,4
CL1042,บริษัท เพนกวิน ดิจิตอล จำกัด (สำนักงานใหญ่) ,Draco,19,1,1027600.0,12,23,44678.260869565216,New Sales,,,1,1,0,0,0,0,0,4
CL1044,บริษัท ซิปเม็กซ์ เทคโนโลยี จำกัด,Solar,19,2,207500.0,12,22,9431.818181818182,"New Sales, Win Back",,,2,1,0,0,0,0,1,4
CL1046,คุณต่าย (Freelance Agency),Draco,18,1,212000.0,12,21,10095.238095238095,New Sales,,,1,1,0,0,0,0,0,4
CL1048,กองทุนพัฒนาสื่อปลอดภัยและสร้างสรรค์,Lunar,24,1,1120560.75,5,24,46690.03125,New Sales,,,1,1,0,0,0,0,0,1
CL1052,บริษัท กอล์ฟ เขาใหญ่ จำกัด (สำนักงานใหญ่),Solar,24,1,260000.0,6,24,10833.333333333334,New Sales,,,1,1,0,0,0,0,0,1
CL1053,กองทุนรวม สิทธิการเช่าอสังหาริมทรัพย์ ซี.พี.ทาวเวอร์โกรท,Pegasus,4,7,1157000.0,25,16,72312.5,"New Sales, New Sales, Recontract, Win Back, Recontract (Delay), Recontract (Delay), Win Back",,,7,2,1,2,0,0,2,3
CL1054,บริษัท เอ็น เอส ดี นิวรอน จำกัด,Lunar,17,1,186900.0,12,26,7188.461538461538,New Sales,,,1,1,0,0,0,0,0,4
CL1058,บริษัท ฟินบรอดแคสติ้ง จำกัด (สำนักงานใหญ่),Draco,14,1,72000.0,12,14,5142.857142857143,New Sales,,,1,1,0,0,0,0,0,4
CL1059,มหาวิทยาลัยสงขลานครินทร์,Lunar,23,1,192000.0,6,26,7384.615384615385,New Sales,,,1,1,0,0,0,0,0,1
CL1069,บริษัท พรเกษม กรุ๊ป จำกัด,Lunar,18,1,260000.0,7,20,13000.0,New Sales,,,1,1,0,0,0,0,0,4
CL1070,บริษัท กรุ๊ปเอ็ม (ประเทศไทย) จำกัด - เอ็มซิกซ์,Solar,23,1,324000.0,6,25,12960.0,New Sales,,,1,1,0,0,0,0,0,1
CL1072,บริษัท ชาเนล (ประเทศไทย) จำกัด,Lunar,7,4,595000.0,19,14,42500.0,"New Sales, Recontract (Delay), Win Back, Win Back",หมดสัญญาปกติ,ไม่มีเวลา/คนใช้งาน,4,1,0,1,0,0,2,3
CL1074,รัตนพรรณ วิไลวัลย์,Pegasus,25,1,252000.0,3,26,9692.307692307691,New Sales,,,1,1,0,0,0,0,0,1
CL1075,"SI LABS CO., LTD.",Lunar,16,1,380000.0,12,21,18095.23809523809,New Sales,,,1,1,0,0,0,0,0,4
CL1079,บริษัท ไทย ฟินเทค จำกัด,Draco,14,2,415000.0,14,22,18863.636363636364,"New Sales, Recontract",,,2,1,1,0,0,0,0,4
CL1082,Amazon Asia-Pacific Holdings Private Limited,Lunar,8,2,1892000.0,20,15,126133.33333333331,"New Sales, Recontract",หมดสัญญาปกติ,อื่นๆ,2,1,1,0,0,0,0,3
CL1084,บริษัท ไอแอนด์ไอ กรุ๊ป จำกัด (มหาชน),Lunar,14,1,975000.0,13,14,69642.85714285714,New Sales,,,1,1,0,0,0,0,0,4
CL1085,บริษัท สามารถเทลคอม จำกัด (มหาชน),Other,28,1,37383.18,1,28,1335.1135714285715,New Sales,,,1,1,0,0,0,0,0,1
CL1088,บริษัท ลูกคิด จำกัด ,Other,27,1,45000.0,0,27,1666.6666666666667,New Sales,,,1,1,0,0,0,0,0,1
CL1089,บริษัท กราฟีน ครีเอชั่นส์ จำกัด(สำนักงานใหญ่),Lunar,26,1,280000.0,2,26,10769.23076923077,New Sales,,,1,1,0,0,0,0,0,1
CL1090,บริษัท เพอร์เฟค คอมพาเนียน กรุ๊ป จำกัด,Draco,5,2,720000.0,21,14,51428.57142857143,"New Sales, Win Back",,,2,1,0,0,0,0,1,3
CL1091,UN Resident Coordinator Office in Thailand,Lunar,7,2,940000.0,18,13,72307.69230769231,"Recontract, Recontract (Delay)",หมดสัญญาปกติ,ปรับโครงสร้าง,2,0,1,1,0,0,0,3
CL1092,บริษัท เจพี วัน คอนซัลแทนท์ จำกัด,Other,27,1,46728.97,0,27,1730.7025925925927,New Sales,,,1,1,0,0,0,0,0,1
CL1094,แมจิก บ๊อกซ์ ดิจิตอล จำกัด,Other,27,1,100000.0,0,27,3703.703703703704,New Sales,,,1,1,0,0,0,0,0,1
CL1095,บริษัท ทีพีซีเอส จำกัด (มหาชน),Draco,23,1,140000.0,2,23,6086.95652173913,New Sales,,,1,1,0,0,0,0,0,4
CL1099,บริษัท ไลค์ มี เอ๊กซ์ จำกัด,Other,18,2,114018.69,9,22,5182.667727272728,"New Sales, New Sales",,,2,2,0,0,0,0,0,4
CL1101,บริษัท เทอร์ร่า ดิจิทัล เวนเจอร์ส จำกัด (สำนักงานใหญ่),Solar,21,2,300000.0,5,23,13043.478260869566,"New Sales, Recontract (Delay)",,,2,1,0,1,0,0,0,4
CL1103,บริษัท เวิร์คสมาร์ท เพลย์ฮาร์ดเดอร์ จำกัด (สำนักงานใหญ่),Pegasus,6,1,175200.0,15,13,13476.923076923076,New Sales,,,1,1,0,0,0,0,0,0
CL1105,บริษัท บี.กริม แคเรียร์ (ประเทศไทย) จำกัด,Draco,7,2,720000.0,19,19,37894.73684210526,"New Sales, Win Back",,,2,1,0,0,0,0,1,3
CL1113,บริษัท ข้อมูลเครดิตแห่งชาติ จำกัด (สำนักงานใหญ่),Draco,13,2,1642755.0,12,13,126365.76923076923,"New Sales, Upsell",,,2,1,0,0,0,1,0,0
CL1118,บริษัท อินเตอร์ลิ้งค์ เทเลคอม จำกัด (มหาชน),Other,14,1,17196261.68,12,20,859813.084,New Sales,,,1,1,0,0,0,0,0,2
CL1119,บริษัท เซ้นส์ เอนเตอร์เทนเมนท์ จำกัด (สำนักงานใหญ่),Draco,19,1,240000.0,6,21,11428.57142857143,New Sales,,,1,1,0,0,0,0,0,4
CL1121,บริษัท โอ.ที.ดี.เอ็ม ดิจิตอล มาร์เก็ตติ้ง จำกัด,Draco,13,1,33169.0,12,13,2551.4615384615386,New Sales,,,1,1,0,0,0,0,0,4
CL1122,บริษัท เอดีเค คอนเน็กท์ (ประเทศไทย) จำกัด,Pegasus,14,1,770000.0,12,20,38500.0,New Sales,,,1,1,0,0,0,0,0,4
CL1123,บริษัท ซีเคียวร์ เซอร์ฟ จำกัด,Lunar,5,1,275000.0,3,5,55000.0,New Sales,หมดสัญญาปกติ,อื่นๆ,1,1,0,0,0,0,0,0
CL1124,บริษัท เลิศ โกลบอล กรุ๊ป จำกัด,Draco,25,1,12500.0,0,25,500.0,New Sales,,,1,1,0,0,0,0,0,1
CL1125,บริษัท เบรนเนอร์จี้ จำกัด,Other,24,1,186915.89,0,24,7788.162083333334,New Sales,,,1,1,0,0,0,0,0,4
CL1126,บริษัท ไลฟ์ เนชั่น เทโร เอ็นเทอร์เทนเม้นท์ จำกัด,Pegasus,25,1,40000.0,0,25,1600.0,New Sales,,,1,1,0,0,0,0,0,1
CL1128,บริษัท  ดิจิทัล แฟคตอรี่  จำกัด  (สำนักงานใหญ่),Lunar,13,1,348000.0,12,19,18315.78947368421,New Sales,หมดสัญญาปกติ,อื่นๆ,1,1,0,0,0,0,0,4
CL1130,บริษัท ปิโก (ไทยแลนด์) จำกัด (มหาชน) ,Other,25,1,9345.79,1,25,373.8316,New Sales,,,1,1,0,0,0,0,0,1
CL1134,บริษัท เวิร์คส์ ครีเอทีฟ จำกัด (สำนักงานใหญ่),Pegasus,7,2,960000.0,18,11,87272.72727272728,"New Sales, Recontract",,,2,1,1,0,0,0,0,3
CL1136,บริษัท ไดอารี่ กรุ๊ป (2007) จำกัด,Lunar,19,1,200000.0,6,21,9523.809523809525,New Sales,,,1,1,0,0,0,0,0,4
CL1138,บริษัท หลักทรัพย์ ลิเบอเรเตอร์ จำกัด,Draco,13,1,320000.0,12,16,20000.0,New Sales,,,1,1,0,0,0,0,0,4
CL1139,บริษัท เจซี อ็อพติมัส จํากัด,Solar,18,1,70000.0,6,20,3500.0,New Sales,,,1,1,0,0,0,0,0,4
CL1140,บริษัท นิคเคอิ รีเสิร์ช แอนด์ คอนซัลติ้ง  (ประเทศไทย) จำกัด (สำนักงานใหญ่),Lunar,11,2,440000.0,14,18,24444.444444444445,"New Sales, New Sales",หมดสัญญาปกติ,ตัด/ลด งบ,2,2,0,0,0,0,0,4
CL1141,เมืองพัทยา ,Solar,2,2,5056074.76,15,4,1264018.69,"New Sales, New Sales",หมดสัญญาปกติ,อื่นๆ,2,2,0,0,0,0,0,2
CL1144,คอลเกต-ปาล์มโอลีฟ (ประเทศไทย),Lunar,2,2,805000.0,21,11,73181.81818181818,"Recontract, Recontract",หมดสัญญาปกติ,ไม่มีเวลา/คนใช้งาน,2,0,2,0,0,0,0,3
CL1145,บริษัท คาโอ อินดัสเตรียล (ประเทศไทย) จํากัด,Lunar,12,1,300000.0,12,17,17647.058823529413,Win Back,หมดสัญญาปกติ,ไม่มีเวลา/คนใช้งาน,1,0,0,0,0,0,1,4
CL1149,บริษัท แพนเดมิค จำกัด (สำนักงานใหญ่),Pegasus,12,1,80000.0,12,15,5333.333333333333,New Sales,,,1,1,0,0,0,0,0,4
CL1150,บริษัท กตัญญู86 จำกัด,Solar,13,1,194400.0,11,19,10231.578947368422,New Sales,Terminate,ตัด/ลด งบ,1,1,0,0,0,0,0,4
CL1153,บริษัท กู๊ด แอนด์ กรูวี่ จำกัด,Draco,15,1,240000.0,9,21,11428.57142857143,New Sales,,,1,1,0,0,0,0,0,4
CL1155,บริษัท คอราไลน์ จำกัด,Draco,12,1,260000.0,12,17,15294.117647058823,New Sales,,,1,1,0,0,0,0,0,4
CL1156,บริษัท เอส เทลลิเจนซ์ จำกัด,Other,23,1,9250.0,0,23,402.1739130434783,New Sales,,,1,1,0,0,0,0,0,4
CL1157,บริษัท ดิจิตอล ไอ ดู จำกัด,Pegasus,21,1,227000.0,3,21,10809.52380952381,New Sales,,,1,1,0,0,0,0,0,4
CL1162,บริษัท รังสิตพลาซ่า จำกัด,Lunar,14,2,280000.0,8,17,16470.58823529412,"New Sales, Recontract",,,2,1,1,0,0,0,0,4
CL1163,บริษัท ทองมาดิจิทัล จำกัด,Draco,10,1,305000.0,12,16,19062.5,New Sales,,,1,1,0,0,0,0,0,4
CL1164,คุณรวมพร เฟื่องฟูลอย,Solar,21,2,60000.0,2,21,2857.1428571428573,"New Sales, Recontract",,,2,1,1,0,0,0,0,4
CL1165,บริษัท ออคโทพัส 1 จำกัด,Pegasus,10,1,150000.0,6,12,12500.0,New Sales,,,1,1,0,0,0,0,0,0
CL1171,บริษัท เนอวานา ดีเวลลอปเม้นท์ จำกัด(มหาชน),Pegasus,16,2,140000.0,6,19,7368.421052631579,"New Sales, Win Back",,,2,1,0,0,0,0,1,4
CL1174,บริษัท ทีพีซีเอกซ์ จำกัด,Draco,14,2,84000.0,9,16,5250.0,"New Sales, Upsell",,,2,1,0,0,0,1,0,4
CL1176,คณะวิทยาการเรียนรู้และศึกษาศาสตร์ มหาวิทยาลัยธรรมศาสตร์,Pegasus,19,1,200000.0,3,20,10000.0,New Sales,,,1,1,0,0,0,0,0,4
CL1177,บริษัท อินโฟแกรมเมอร์ จำกัด,Pegasus,22,1,50000.0,0,22,2272.7272727272725,New Sales,,,1,1,0,0,0,0,0,4
CL1180,กรมประชาสัมพันธ์,Pegasus,7,2,915598.13,15,11,83236.19363636363,"New Sales, Win Back",,,2,1,0,0,0,0,1,0
CL1181,บริษัท อันไตเติลด์ แล็บ จำกัด,Pegasus,14,1,150000.0,6,14,10714.285714285714,New Sales,,,1,1,0,0,0,0,0,4
CL1184,บริษัท รู้ใจ จำกัด,Draco,15,1,212000.0,6,16,13250.0,New Sales,,,1,1,0,0,0,0,0,4
CL1185,บริษัท ไอริส คอนซัลติ้ง จำกัด,Other,16,2,24345.79,5,18,1352.543888888889,"New Sales, New Sales",,,2,2,0,0,0,0,0,4
CL1186,บริษัท ครีเอทีฟทอล์ค จํากัด (สํานักงานใหญ่),Other,8,3,220000.0,13,18,12222.222222222224,"New Sales, New Sales, New Sales",,,3,3,0,0,0,0,0,4
CL1189,บริษัท เคทู เวนเจอร์ จํากัด,Pegasus,12,2,40000.0,10,12,3333.333333333333,"New Sales, Recontract",,,2,1,1,0,0,0,0,4
CL1190,โครงการนวัตกรรมแพลตฟอร์มฯ (FF66) มหาวิทยาลัยสวนดุสิต,Lunar,15,1,74766.36,7,15,4984.424,New Sales,,,1,1,0,0,0,0,0,4
CL1191,บริษัท อะมิตี้ โซลูชั่นส์ ​คอร์ปอเรชั่น จำกัด,Solar,10,1,100000.0,12,10,10000.0,New Sales,Onetime by CXM,"Fee (API, Integrate)",1,1,0,0,0,0,0,0
CL1192,บริษัท ไพรม์ เฮลท์ ฟาร์มาซูติคอล จำกัด,Draco,13,1,303000.0,2,13,23307.69230769231,New Sales,,,1,1,0,0,0,0,0,4
CL1193,บริษัท กันต์ธิ คอร์ปอเรชั่น จำกัด,Draco,11,2,36037.380000000005,9,13,2772.106153846154,"New Sales, Recontract (Delay)",,,2,1,0,1,0,0,0,4
CL1195,มูลนิธิสถาบันวิจัยและพัฒนาองค์กรภาครัฐ,Other,16,2,22429.9,5,18,1246.1055555555556,"New Sales, New Sales",,,2,2,0,0,0,0,0,4
CL1196,บริษัท มิซึฮาดะ กรุ๊ป จำกัด,Lunar,4,1,536000.0,17,13,41230.769230769234,New Sales,หมดสัญญาปกติ,ไม่มีเวลา/คนใช้งาน,1,1,0,0,0,0,0,0
CL1197,บริษัท อมรินทร์ คอร์ปอเรชั่นส์ จำกัด (มหาชน),Pegasus,20,1,80000.0,0,20,4000.0,New Sales,,,1,1,0,0,0,0,0,4
CL1198,บริษัท อีเทลลิเจนซ์ จำกัด,Other,14,1,1200000.0,12,14,85714.28571428571,New Sales,,,1,1,0,0,0,0,0,4
CL1202,บริษัท อินโนคอป จำกัด,Other,20,1,16500.0,0,20,825.0,New Sales,,,1,1,0,0,0,0,0,4
CL1205,บริษัท ปูนซีเมนต์เอเซีย จำกัด (มหาชน),Draco,18,1,125000.0,1,18,6944.444444444444,New Sales,,,1,1,0,0,0,0,0,4
CL1207,"ALGORITHM BANGKOK CO., LTD.",Lunar,2,3,520000.0,18,11,47272.72727272727,"New Sales, Recontract, Upsell",Adhoc by CXM,Adhoc,3,1,1,0,0,1,0,0
CL1208,บริษัท ตันตราภัณฑ์ซุปเปอร์มาร์เก็ต (1994) จำกัด,Pegasus,17,1,18000.0,3,18,1000.0,New Sales,,,1,1,0,0,0,0,0,4
CL1210,บริษัท เอส ไอ จี คอมบิบล็อค จำกัด,Draco,19,1,100000.0,1,19,5263.1578947368425,New Sales,,,1,1,0,0,0,0,0,4
CL1212,ภาณุฤทธิ์ สารสมบัติ,Other,19,1,4672.9,0,19,245.94210526315788,New Sales,,,1,1,0,0,0,0,0,4
CL1213,บริษัท ฮีโร่ลีดส์ (ไทยแลนด์) จำกัด (สำนักงานใหญ่),Lunar,8,2,275000.0,12,15,18333.33333333333,"New Sales, Upsell",หมดสัญญาปกติ,ตัด/ลด งบ,2,1,0,0,0,1,0,4
CL1215,บริษัท โพสิทีฟ ดิจิตอล แอนด์ มาร์เก็ตติ้ง จำกัด,Lunar,15,1,70000.0,3,16,4375.0,New Sales,,,1,1,0,0,0,0,0,4
CL1216,บริษัท เลิฟ อิส เอ็นเตอร์เทนเม้นท์ จำกัด,Solar,8,2,460000.0,12,12,38333.333333333336,"New Sales, Recontract",หมดสัญญาปกติ,Competitor win,2,1,1,0,0,0,0,0
CL1217,บริษัท ทีพีเอ็ม โซเซียล มีเดีย เอเจนซี่,Solar,8,1,540000.0,12,13,41538.46153846154,New Sales,หมดสัญญาปกติ,Sourcing,1,1,0,0,0,0,0,0
CL1218,บริษัท แพลน บี มีเดีย จำกัด (มหาชน),Lunar,2,4,1380000.0,18,11,125454.54545454546,"New Sales, Upsell, Recontract (Delay), New Sales",,,4,2,0,1,0,1,0,3
CL1220,บริษัท ฟูจิฟิล์ม (ประเทศไทย) จำกัด,Pegasus,18,1,195000.0,1,18,10833.333333333334,New Sales,,,1,1,0,0,0,0,0,4
CL1221,บริษัท ทริส คอร์ปอเรชั่น จำกัด,Pegasus,19,1,50000.0,1,19,2631.5789473684213,New Sales,,,1,1,0,0,0,0,0,4
CL1224,บริษัท บีสตาร์ วัน จำกัด,Draco,8,1,93333.33,12,15,6222.222,New Sales,,,1,1,0,0,0,0,0,4
CL1225,บริษัท โพสเซฟี่ กรุ๊ป จำกัด,Pegasus,16,1,360000.0,3,16,22500.0,New Sales,,,1,1,0,0,0,0,0,4
CL1228,บริษัท พีเอ็กซ์ มีเดีย โซลูชั่น จํากัด,Lunar,16,1,60000.0,3,18,3333.333333333333,New Sales,,,1,1,0,0,0,0,0,4
CL1229,คณะวารสารศาสตร์และสื่อสารมวลชน มหาวิทยาลัยธรรมศาสตร์,Draco,15,2,33364.49,3,17,1962.6170588235293,"New Sales, New Sales",,,2,2,0,0,0,0,0,4
CL1230,บริษัท แกรนด์ คอส กรุ๊ป จำกัด,Pegasus,12,1,225000.0,6,12,18750.0,New Sales,,,1,1,0,0,0,0,0,4
CL1231,บริษัท เซอร์ทิส จำกัด (สำนักงานใหญ่),Solar,16,1,70000.0,3,16,4375.0,New Sales,,,1,1,0,0,0,0,0,4
CL1232,บริษัท ไลอ้อน (ประเทศไทย) จำกัด,Draco,13,1,230000.0,6,15,15333.333333333334,New Sales,,,1,1,0,0,0,0,0,4
CL1234,บริษัท เนสท์เล่ (ไทย) จํากัด,Solar,14,1,500000.0,5,14,35714.28571428572,New Sales,,,1,1,0,0,0,0,0,4
CL1235,บริษัท เซเว่น อินโนเทค จำกัด,Lunar,7,1,80000.0,12,12,6666.666666666667,New Sales,Terminate,ไม่มีเวลา/คนใช้งาน,1,1,0,0,0,0,0,0
CL1236,บริษัท จิโอวานิ คอสเมร์ติกส์ จำกัด,Lunar,18,1,15000.0,1,18,833.3333333333334,New Sales,,,1,1,0,0,0,0,0,4
CL1239,บริษัท โอ กาแฟ จำกัด,Draco,14,1,244000.0,5,15,16266.666666666666,New Sales,,,1,1,0,0,0,0,0,4
CL1240,มหาวิทยาลัยเกษตรศาสตร์,Other,18,1,2383.18,1,18,132.39888888888888,New Sales,,,1,1,0,0,0,0,0,4
CL1241,บริษัท ดับเบิล อิมเมจ 2005 จำกัด(สำนักงานใหญ่),Draco,13,1,210000.0,5,15,14000.0,New Sales,,,1,1,0,0,0,0,0,4
CL1242,นางดวงแก้ว เงินพูลทรัพย์,Other,19,1,4205.61,0,19,221.34789473684208,New Sales,,,1,1,0,0,0,0,0,4
CL1243,บริษัท ยูอาร์เดอะ จํากัด,Lunar,5,1,320000.0,12,8,40000.0,New Sales,หมดสัญญาปกติ,ไม่มีเวลา/คนใช้งาน,1,1,0,0,0,0,0,0
CL1244,บริษัท มิตรไมตรีการแพทย์ จำกัด,Pegasus,6,1,316500.0,12,14,22607.14285714286,New Sales,,,1,1,0,0,0,0,0,0
CL1246,บริษัท แพลนเต้ ไลฟ์ จำกัด,Pegasus,7,3,190000.0,11,14,13571.42857142857,"New Sales, Recontract, Recontract (Delay)",,,3,1,1,1,0,0,0,0
CL1248,บริษัท เมก้า ไลฟ์ไซแอ็นซ์ พีทีวาย จำกัด (สำนักงานใหญ่),Solar,20,1,180000.0,6,20,9000.0,New Sales,,,1,1,0,0,0,0,0,4
CL1250,บริษัท เบรนสปริง จํากัด,Lunar,6,1,348000.0,12,12,29000.0,New Sales,หมดสัญญาปกติ,ไม่มีเวลา/คนใช้งาน,1,1,0,0,0,0,0,0
CL1254,บริษัท ชับบ์สามัคคีประกันภัย จำกัด (มหาชน) สำนักงานใหญ่,Lunar,2,3,825000.0,15,7,117857.14285714286,"Recontract (Delay), Recontract, Recontract",หมดสัญญาปกติ,อื่นๆ,3,0,2,1,0,0,0,0
CL1255,ห้างหุ้นส่วนจำกัด เจมส์ ควอลิตี้ แอโกร ฟู้ดส์ แอน คอนซัลติ้ง,Draco,12,1,150000.0,6,12,12500.0,New Sales,,,1,1,0,0,0,0,0,4
CL1256,บริษัท กรุงศรี นิมเบิล จำกัด ,Draco,9,1,85500.0,6,9,9500.0,Upsell,,,1,0,0,0,0,1,0,0
CL1258,บริษัท ซีรีย์ เอ มีเดีย จำกัด,Lunar,5,1,852000.0,12,11,77454.54545454546,New Sales,Terminate,ตัด/ลด งบ,1,1,0,0,0,0,0,0
CL1261,บริษัท ซาบีน่า ฟาร์อีสท์ จำกัด,Draco,16,1,110000.0,0,16,6875.0,New Sales,,,1,1,0,0,0,0,0,4
CL1262,บริษัท ตาชำนิ จำกัด (มหาชน),Draco,11,1,200000.0,6,14,14285.714285714286,New Sales,,,1,1,0,0,0,0,0,4
CL1263,บริษัท โฮลา ซันไชน์ จำกัด,Draco,5,1,348000.0,12,12,29000.0,New Sales,,,1,1,0,0,0,0,0,0
CL1268,บริษัท ครีเอทีฟ พลาซ่า จำกัด,Other,16,1,2803.738,0,16,175.233625,New Sales,,,1,1,0,0,0,0,0,4
CL1269,บริษัท พิธานไลฟ์ จำกัด,Lunar,16,1,64000.0,1,16,4000.0,New Sales,,,1,1,0,0,0,0,0,4
CL1274,บริษัท เอไอ แอนด์ โรโบติกส์ เวนเจอร์ส จำกัด (สำนักงานใหญ่),Other,15,1,300000.0,0,15,20000.0,New Sales,,,1,1,0,0,0,0,0,4
CL1275,สำนักงานปลัดกระทรวงพาณิชย์,Pegasus,4,1,466500.0,4,4,116625.0,New Sales,,,1,1,0,0,0,0,0,0
CL1278,บริษัท โกลบอล เจท เอ็กซ์เพรส (ไทยแลนด์) จำกัด,Solar,2,1,1464000.0,12,2,732000.0,New Sales,หมดสัญญาปกติ,Competitor win,1,1,0,0,0,0,0,0
CL1282,บริษัท นีโอ คอร์ปอเรท จำกัด (มหาชน) สำนักงานใหญ่,Lunar,2,1,320000.0,12,5,64000.0,New Sales,หมดสัญญาปกติ,ไม่มีเวลา/คนใช้งาน,1,1,0,0,0,0,0,0
CL1283,บริษัท อมรินทร์ เทเลวิชั่น จำกัด (สำนักงานใหญ่),Other,15,1,18691.588,0,15,1246.1058666666663,New Sales,,,1,1,0,0,0,0,0,4
CL1285,บริษัท ดิจิทัล ฟอเรสท์ จำกัด,Other,16,1,9345.79,0,16,584.111875,New Sales,,,1,1,0,0,0,0,0,4
CL1286,บริษัท เซ็ปเป้ จำกัด (มหาชน),Lunar,15,1,35000.0,0,15,2333.333333333333,New Sales,,,1,1,0,0,0,0,0,4
CL1291,บริษัท มีภูมิดี จำกัด,Lunar,12,1,115000.0,3,13,8846.153846153846,New Sales,Short period,Sourcing,1,1,0,0,0,0,0,4
CL1292,บริษัท คอสเซตเต้ กรุ๊ป จำกัด,Lunar,7,2,192000.0,8,11,17454.545454545456,"New Sales, New Sales",หมดสัญญาปกติ,ไม่มีเวลา/คนใช้งาน,2,2,0,0,0,0,0,0
CL1295,บริษัท ซีเอ็ม คอนเนอร์สโตน จำกัด,Solar,14,1,380000.0,0,14,27142.85714285714,New Sales,,,1,1,0,0,0,0,0,4
CL1296,บริษัท เอเอสวี อินเตอร์ กรุ๊ป จำกัด,Lunar,8,1,74766.36,6,8,9345.795,New Sales,Adhoc by Sales,Adhoc,1,1,0,0,0,0,0,0
CL1297,บริษัท มิสแกรนด์ อินเตอร์เนชั่นแนล จำกัด (มหาชน),Lunar,11,1,600000.0,4,12,50000.0,New Sales,Adhoc by Sales,Adhoc,1,1,0,0,0,0,0,0
CL1298,บริษัท ทู เอพส์ จำกัด,Lunar,4,2,384000.0,9,6,64000.0,"New Sales, Win Back",Onetime by Sales,Onetime,2,1,0,0,0,0,1,0
CL1299,บริษัท ลาลามูฟ อีซี่แวน (ประเทศไทย) จำกัด,Draco,14,1,320000.0,0,14,22857.14285714286,New Sales,,,1,1,0,0,0,0,0,4
CL1300,บริษัท แนท แอบโซลูท เทคโนโลยีส์ จำกัด (มหาชน),Lunar,3,1,3430000.0,12,7,490000.0,New Sales,หมดสัญญาปกติ,ตัด/ลด งบ,1,1,0,0,0,0,0,0
CL1301,บริษัท ไทย สมายล์ บัส จำกัด,Lunar,2,1,250000.0,12,2,125000.0,New Sales,หมดสัญญาปกติ,ไม่มีเวลา/คนใช้งาน,1,1,0,0,0,0,0,0
CL1306,บริษัท สหมงคลฟิล์ม อินเตอร์เนชั่นแนล จำกัด,Lunar,8,1,228000.0,6,11,20727.272727272728,New Sales,หมดสัญญาปกติ,ไม่มีเวลา/คนใช้งาน,1,1,0,0,0,0,0,0
CL1311,บริษัท ไทยออยล์ จำกัด (มหาชน) ,Draco,12,1,250000.0,1,12,20833.33333333333,New Sales,,,1,1,0,0,0,0,0,4
CL1314,บริษัท โอ.ซี.อาร์ จำกัด,Draco,7,1,140000.0,6,10,14000.0,New Sales,,,1,1,0,0,0,0,0,0
CL1315,บริษัท วู้ดดี้ เวิลด์ จำกัด,Pegasus,7,1,200000.0,6,8,25000.0,New Sales,,,1,1,0,0,0,0,0,0
CL1316,บริษัท โอกิลวี่ พับลิค รีเลชั่นส์ เวิลด์วายด์ จำกัด,Lunar,2,3,175000.0,11,5,35000.0,"New Sales, Win Back, Recontract (Delay)",Short period,Onetime,3,1,0,1,0,0,1,0
CL1319,บริษัท เดอะ บิ๊กส์แบง ทิออรี่ย์ จำกัด,Lunar,1,1,150000.0,12,7,21428.571428571428,New Sales,Terminate,ไม่มีเวลา/คนใช้งาน,1,1,0,0,0,0,0,0
CL1322,บริษัท ซัมมิท แคปปิตอล ลีสซิ่ง จำกัด,Lunar,12,1,185000.0,0,12,15416.666666666666,New Sales,Adhoc by Sales,Adhoc,1,1,0,0,0,0,0,4
CL1325,บริษัท วาย เอส ไอ เอส จำกัด,Pegasus,10,1,45000.0,3,10,4500.0,New Sales,,,1,1,0,0,0,0,0,0
CL1326,บริษัท เดอะ กราวด์คอนโทรล จำกัด,Lunar,13,1,35000.0,0,13,2692.3076923076924,New Sales,Adhoc by Sales,Adhoc,1,1,0,0,0,0,0,4
CL1332,บริษัท เดอะ ซัคซีดเดอร์ มีเดีย จำกัด,Lunar,7,1,200000.0,6,9,22222.222222222223,New Sales,หมดสัญญาปกติ,ไม่มีเวลา/คนใช้งาน,1,1,0,0,0,0,0,0
CL1340,บริษัท แบด วูล์ฟ (ไทยแลนด์) จำกัด,Lunar,11,1,150000.0,0,11,13636.363636363636,New Sales,Adhoc by Sales,Adhoc,1,1,0,0,0,0,0,0
CL1343,บริษัท เลิฟลี่ไนท์ จำกัด (สำนักงานใหญ่),Other,11,1,14018.69,0,11,1274.4263636363637,New Sales,,,1,1,0,0,0,0,0,0
CL1344,บริษัท ทวินเตอร์ จำกัด,Draco,9,1,182000.0,3,9,20222.222222222223,New Sales,,,1,1,0,0,0,0,0,0
CL1345,PT. IVONESIA SOLUSI DATA,New business,9,2,38540.0,3,10,3854.0,"New Sales, Recontract",,,2,1,1,0,0,0,0,0
CL1346,นายอะคร้าว  แสงสิทธิ์  ,Lunar,5,1,1063551.4100000006,6,5,212710.2820000001,New Sales,Adhoc by Sales,Adhoc,1,1,0,0,0,0,0,0
CL1347,บริษัท เอดูเคชั่น พลัส สตรีมมิ่ง แอนด์ เซอร์วิส จำกัด,Other,12,1,100000.0,0,12,8333.333333333334,New Sales,,,1,1,0,0,0,0,0,4
CL1348,บริษัท แอลทีเอ็มเอช จำกัด (มหาชน),Other,11,1,10000.0,0,11,909.0909090909092,New Sales,,,1,1,0,0,0,0,0,0
CL1352,บริษัท ดีเซนเทค จำกัด,Other,6,1,67289.72,5,6,11214.953333333331,New Sales,,,1,1,0,0,0,0,0,0
CL1353,"Values, Inc.",Draco,3,2,314350.0,7,6,52391.66666666666,"New Sales, Win Back",,,2,1,0,0,0,0,1,0
CL1354,บริษัท ไรส์ แอคเซล จำกัด (สำนักงานใหญ่),Other,11,1,10000.0,0,11,909.0909090909092,New Sales,,,1,1,0,0,0,0,0,0
CL1356,บริษัท ธไรฟ์เวอร์ โกลบอล จำกัด,Lunar,9,1,120000.0,1,9,13333.333333333334,New Sales,Adhoc by Sales,Adhoc,1,1,0,0,0,0,0,0
CL1358, บริษัท แอ๊นสเตอร์ จำกัด,Pegasus,10,1,20000.0,0,10,2000.0,New Sales,,,1,1,0,0,0,0,0,0
CL1365,บริษัท เออร์โกประกันภัย (ประเทศไทย) จำกัด (มหาชน),Pegasus,9,1,45000.0,1,9,5000.0,New Sales,,,1,1,0,0,0,0,0,0
CL1366,บริษัท ดอนเมืองพัฒนา จำกัด (สำนักงานใหญ่),Pegasus,4,1,190000.0,6,7,27142.85714285714,New Sales,,,1,1,0,0,0,0,0,0
CL1368,บริษัท เนชั่นแนล เฮลท์แคร์ ซิสเท็มส์ จำกัด,Pegasus,4,1,190000.0,6,5,38000.0,New Sales,,,1,1,0,0,0,0,0,0
CL1371,สถาบันการจัดการปัญญาภิวัฒน์ (สำนักงานใหญ่),Other,9,2,29906.5421,0,9,3322.9491222222223,"New Sales, New Sales",,,2,2,0,0,0,0,0,0
CL1372,บริษัท คิน คอร์ปอเรชั่น จำกัด,Pegasus,1,2,300000.0,8,5,60000.0,"New Sales, Recontract (Delay)",,,2,1,0,1,0,0,0,0
CL1375,อุตสาหกรรมพัฒนามูลนิธิเพื่อสถาบันอาหาร,Lunar,4,1,200000.0,6,6,33333.333333333336,New Sales,หมดสัญญาปกติ,ไม่มีเวลา/คนใช้งาน,1,1,0,0,0,0,0,0
CL1377,บริษัท วีไอคิว กรุ๊ป จำกัด,Draco,2,2,131000.0,7,5,26200.0,"New Sales, Recontract (Delay)",,,2,1,0,1,0,0,0,0
CL1380,บริษัท โรยัล เอ็นฟีลด์ (ไทยแลนด์) จำกัด,Draco,6,1,110000.0,3,7,15714.285714285714,New Sales,,,1,1,0,0,0,0,0,0
CL1382,บริษัท ธนาคารเกียรตินาคินภัทร จำกัด (มหาชน),Lunar,3,1,200000.0,6,6,33333.333333333336,New Sales,หมดสัญญาปกติ,,1,1,0,0,0,0,0,0
CL1383,บริษัท เอฟดีจีที จำกัด,Pegasus,2,1,996000.0,6,2,498000.0,New Sales,,,1,1,0,0,0,0,0,0
CL1385,บริษัท เป๊ปเปอร์มิ้นท์ เอเชีย จำกัด,Other,3,2,48037.380000000005,6,6,8006.23,"New Sales, New Sales",,,2,2,0,0,0,0,0,0
CL1386,บริษัท กรุงศรี ฟินโนเวต จำกัด,Other,4,2,88406.08,3,7,12629.44,"New Sales, New Sales",,,2,2,0,0,0,0,0,0
CL1388,บริษัท ไทยบริดจสโตน จำกัด,Pegasus,9,1,145000.0,2,9,16111.111111111111,Upsell,,,1,0,0,0,0,1,0,0
CL1390,ปรีชาชาญ บรรจงศุภมิตร,Draco,6,1,45000.0,3,6,7500.0,New Sales,,,1,1,0,0,0,0,0,0
CL1392,บริษัท เอพี เอ็มอี 6 จำกัด,Solar,2,1,500000.0,12,2,250000.0,New Sales,,,1,1,0,0,0,0,0,0
CL1396,บริษัท เอนเตอเทนเมนท์29 จำกัด,Pegasus,8,1,210000.0,0,8,26250.0,New Sales,,,1,1,0,0,0,0,0,0
CL1401,"Chery Automobile.Co.,Ltd",Pegasus,2,1,226626.0,6,5,45325.2,New Sales,,,1,1,0,0,0,0,0,0
CL1402,บริษัท เฟิร์สคลาส อินโนเวชั่น จำกัด,Lunar,2,1,144000.0,6,2,72000.0,New Sales,หมดสัญญาปกติ,ระบบไม่เสถียร,1,1,0,0,0,0,0,0
CL1413,บริษัท เกรเซอร์ คอร์ป จำกัด,Lunar,4,1,110000.0,3,5,22000.0,New Sales,,,1,1,0,0,0,0,0,0
CL1415,บริษัท อินเด็กซ์ ครีเอทีฟ วิลเลจ จำกัด (มหาชน),Pegasus,8,1,35000.0,0,8,4375.0,New Sales,,,1,1,0,0,0,0,0,0
CL1420,บริษัท พาโนวิต้า จำกัด,Other,6,1,18000.0,1,6,3000.0,New Sales,,,1,1,0,0,0,0,0,0
CL1421,บริษัท บีซีเอฟ พาแนล จำกัด,Lunar,4,1,110000.0,3,5,22000.0,New Sales,,,1,1,0,0,0,0,0,0
CL1424,บริษัท ทริปเปิลทีบรอดแบนด์ จำกัด (มหาชน),Draco,2,1,500000.0,5,2,250000.0,New Sales,,,1,1,0,0,0,0,0,0
CL1433,,Draco,4,2,125000.0,3,5,25000.0,"New Sales, Recontract (Delay)",,,2,1,0,1,0,0,0,0
CL1434,วิภาวี กิตติเธียร,Lunar,6,1,55000.0,0,6,9166.666666666666,New Sales,Adhoc by Sales,Adhoc,1,1,0,0,0,0,0,0
CL1436,บริษัท บานโฮฟ สตูดิโอ จำกัด,Draco,5,2,495327.1,0,5,99065.42,"New Sales, Upsell",,,2,1,0,0,0,1,0,0
CL1443,บริษัท ปาปามามา 2021 จำกัด,Other,5,1,30000.0,0,5,6000.0,New Sales,,,1,1,0,0,0,0,0,0
CL1445,มูลนิธิสถาบันวิจัยเพื่อการพัฒนาประเทศไทย (ทีดีอาร์ไอ),Lunar,5,1,60000.0,1,5,12000.0,New Sales,Onetime by CXM,Onetime,1,1,0,0,0,0,0,0
CL1448,บริษัท โคโคโร่ เทรดดิ้ง จำกัด,New business,3,1,10000.0,2,3,3333.333333333333,New Sales,,,1,1,0,0,0,0,0,0
CL1455,บริษัท เรนด์ ดีเวลลอปเมนท์ จำกัด (สำนักงานใหญ่),Pegasus,5,1,30000.0,1,5,6000.0,New Sales,,,1,1,0,0,0,0,0,0
CL1461,บริษัท ยูนิ. ชาร์ม (ประเทศไทย) จำกัด,Solar,5,1,55000.0,0,5,11000.0,New Sales,,,1,1,0,0,0,0,0,0
CL1469,บริษัท สตามิน่า เอเชีย จำกัด ,Draco,2,1,90000.0,3,2,45000.0,New Sales,,,1,1,0,0,0,0,0,0
CL1474,โครงการศึกษารูปแบบข้อมูลเชิงลึกในการท่องเที่ยวเชิงกีฬา,Lunar,5,1,3142056.07,6,5,628411.2139999999,New Sales,,,1,1,0,0,0,0,0,0
CL1483,บริษัท ธนาธนินกรุ๊ป จำกัด,Lunar,4,2,235000.0,0,4,58750.0,"New Sales, New Sales",,,2,2,0,0,0,0,0,0
CL1486,บริษัท เรฟ อีดิชั่น จำกัด,Pegasus,3,1,50000.0,1,3,16666.666666666668,New Sales,,,1,1,0,0,0,0,0,0
CL1492,บริษัท เคอีเอ็กซ์ เอ็กซ์เพรส (ประเทศไทย) จำกัด (มหาชน),Pegasus,2,1,401000.0,3,2,200500.0,Win Back,,,1,0,0,0,0,0,1,0
CL1497,สมาคมโฆษณาแห่งประเทศไทย,Other,3,1,5000.0,0,3,1666.6666666666667,New Sales,,,1,1,0,0,0,0,0,0
CL1507,บริษัท เนชั่นแนล ไอทีเอ็มเอ็กซ์ จำกัด (สำนักงานใหญ่),Pegasus,2,1,50000.0,1,2,25000.0,New Sales,,,1,1,0,0,0,0,0,0
CL1510,สมาคมผู้ผลิตข่าวออนไลน์,Other,3,1,2336.45,0,3,778.8166666666666,New Sales,,,1,1,0,0,0,0,0,0
